{
  "train_loss": [
    3.0047406177691487,
    1.955949045508109,
    1.7771328760839789,
    1.5900448441810315,
    1.4218333633354558,
    1.2235024178119571,
    1.1641259980018792,
    1.107401688233056,
    1.0494522860897777,
    1.0401389091216084
  ],
  "train_acc": [
    14.334,
    25.246,
    33.606,
    40.908,
    47.64,
    55.292,
    57.584,
    59.778,
    62.016,
    62.476
  ],
  "val_loss": [
    2.086841196953496,
    1.843931782094738,
    1.6005008824263947,
    1.56963165500496,
    1.327403667606885,
    1.1582016205485863,
    1.12799178271354,
    1.0716518276854405,
    1.0360081882416448,
    1.038781585572641
  ],
  "val_acc": [
    22.1,
    30.59,
    40.07,
    43.75,
    51.51,
    57.6,
    59.21,
    61.42,
    62.76,
    62.58
  ],
  "epoch_time": [
    217.3073616027832,
    219.93909001350403,
    215.6457178592682,
    218.39518332481384,
    217.73641300201416,
    218.54653215408325,
    218.48894095420837,
    224.71975827217102,
    218.03246593475342,
    216.49900889396667
  ],
  "learning_rate": [
    0.1,
    0.1,
    0.1,
    0.1,
    0.1,
    0.010000000000000002,
    0.010000000000000002,
    0.010000000000000002,
    0.0010000000000000002,
    0.0010000000000000002
  ]
}